,Name,GPS
0,GW190403_051519,1238303737.2
1,GW190408_181802,1238782700.2
2,GW190412,1239082262.1
3,GW190413_052954,1239168612.5
4,GW190413_134308,1239198206.7
5,GW190421_213856,1239917954.2
6,GW190424_180648,1240164426.1
7,GW190425,1240215503.0
8,GW190426_152155,1240327333.3
9,GW190426_190642,1240340820.6
10,GW190503_185404,1240944862.2
11,GW190512_180714,1241719652.4
12,GW190513_205428,1241816086.7
13,GW190514_065416,1241852074.8
14,GW190517_055101,1242107479.8
15,GW190519_153544,1242315362.3
16,GW190521,1242442967.4
17,GW190521_074359,1242459857.4
18,GW190527_092055,1242984073.7
19,GW190531_023648,1243305426.3
20,GW190602_175927,1243533585.0
21,GW190620_030421,1245035079.3
22,GW190630_185205,1245955943.1
23,GW190701_203306,1246048404.5
24,GW190706_222641,1246487219.3
25,GW190707_093326,1246527224.1
26,GW190708_232457,1246663515.3
27,GW190719_215514,1247608532.9
28,GW190720_000836,1247616534.7
29,GW190725_174728,1248112066.4
30,GW190727_060333,1248242631.9
31,GW190728_064510,1248331528.5
32,GW190731_140936,1248617394.6
33,GW190803_022701,1248834439.8
34,GW190805_211137,1249074715.3
35,GW190814,1249852257.0
36,GW190828_063405,1251009263.7
37,GW190828_065509,1251010527.8
38,GW190909_114149,1252064527.7
39,GW190910_112807,1252150105.3
40,GW190915_235702,1252627040.6
41,GW190916_200658,1252699636.9
42,GW190917_114630,1252756008.0
43,GW190924_021846,1253326744.8
44,190924_232654,1253402833.0
45,GW190925_232845,1253489343.1
46,GW190926_050336,1253509434.0
47,GW190929_012149,1253755327.4
48,GW190930_133541,1253885759.2
49,GW191103_012549,1256779567.5
50,GW191105_143521,1256999739.9
51,GW191109_010717,1257296855.2
52,GW191113_071753,1257664691.8
53,GW191118_212859,1258147757.4
54,GW191126_115259,1258804397.6
55,GW191127_050227,1258866165.5
56,GW191129_134029,1259070047.1
57,GW191204_110529,1259492747.5
58,GW191204_171526,1259514944.0
59,GW191215_223052,1260484270.3
60,GW191216_213338,1260567236.4
61,GW191219_163120,1260808298.4
62,GW191222_033537,1261020955.1
63,191223_014159,1261100537.6
64,191225_215715,1261346253.9
65,GW191230_180458,1261764316.4
66,GW200105_162426,1262276684.0
67,GW200112_155838,1262879936.0
68,200114_020818,1263002916.2
69,GW200115_042309,1263097407.7
70,200121_031748,1263611886.9
71,GW200128_022011,1264213229.9
72,GW200129_065458,1264316116.4
73,GW200201_203549,1264624567.0
74,GW200202_154313,1264693411.5
75,GW200208_130117,1265202095.9
76,GW200208_222617,1265235995.9
77,GW200209_085452,1265273710.1
78,GW200210_092254,1265361792.9
79,200214_224526,1265755544.5
80,GW200216_220804,1265926102.8
81,GW200219_094415,1266140673.1
82,200219_201407,1266178465.9
83,GW200220_061928,1266214786.7
84,GW200220_124850,1266238148.1
85,GW200224_222234,1266618172.4
86,GW200225_060421,1266645879.3
87,GW200302_015811,1267149509.5
88,GW200306_093714,1267522652.1
89,GW200308_173609,1267724187.7
90,GW200311_103121,1267957899.7
91,GW200311_115853,1267963151.3
92,GW200316_215756,1268431094.1
93,GW200322_091133,1268903511.3
94,191224_043228,1261197166.1542969
95,200106_134123,1262353301.925293
96,200129_114245,1264333383.1113281
97,200210_005122,1265331100.7424316
98,200214_223307,1265754805.0007324
99,200305_084739,1267433277.0773926
100,200318_191337,1268594035.1411133
101,GW190707_080228,1246523564.947998
102,GW190711_030258,1246849694.6340332
103,GW190818_230246,1250205962.3308105
104,GW190704_100236,1246272532.6813965
105,GW190906_050237,1251783833.5131836
106,GW190821_120223,1250426919.9362793
107,GW190814_190211,1249845627.5810547
108,GW190910_010221,1252113997.213623
109,GW190920_110218,1253014534.7392578
110,GW190718_160201,1247500937.308838
111,GW190511_135545,1241614563.77
112,GW190614_144749,1244555287.93
113,GW190607_093827,1243931925.99
114,GW200208_211609,1265231787.68
115,GW190705_174632,1246380410.88
116,GW190424_170208,1240156946.51
117,GW190629_085648,1245830226.79
118,GW190503_154609,1240929987.65
119,GW190809_155440,1249397698.41
120,GW190607_233923,1243982381.42
121,GW190520_005107,1242345085.55
122,GW190427_054847,1240386545.71
123,GW190416_080520,1239433520.84
124,GW200203_235815,1264809513.19
125,GW190810_085214,1249458753.03
126,GW190405_062027,1238476845.84
