,commonName,GPS,network_matched_filter_snr,chirp_mass_source,mass_1_source,mass_2_source,pastro
1227,150914_095045,1126259462.4257812,23.84641756907227,27.270775,35.986053,27.371181,1.0
32745,151011_192749,1128626886.6044922,8.33589183615447,40.341534,33.485386,65.56729,0.24
34141,151012_095443,1128678900.4450684,9.574568264323915,18.418438,16.196154,28.05287,1.0
87148,151205_195525,1133380542.4094238,7.657524184438514,69.332115,81.61141,77.72871,0.2
103858,151226_033853,1135136350.649414,12.902843499740559,9.810009,4.163724,37.40002,1.0
141701,170104_101158,1167559936.6000977,13.128932628980387,23.472763,26.636831,27.294216,1.0
154847,170121_212536,1169069154.5761719,10.408941596620831,24.557547,39.966484,20.360205,1.0
168068,170202_135657,1170079035.732666,8.273105132985815,26.008064,27.51642,32.48126,0.86
219596,170304_163753,1172680691.3659668,8.47373466998056,41.821777,46.90803,49.20614,0.74
271176,170403_230611,1175295989.2316895,7.646236866105989,61.090622,60.933754,81.14825,0.72
307927,170425_055334,1177134832.190918,7.917174506195786,47.506344,46.08652,64.997345,0.37
322536,170608_020116,1180922494.4887695,15.342403306465798,8.509651,13.059284,7.4323406,1.0
343269,170623_234223,1182296561.3701172,8.05641238473968,14.106624,18.246908,14.429859,0.23
363782,170704_202003,1183234821.6201172,8.317101771966831,9.98305,9.998886,13.202582,0.43
381150,170727_010430,1185152688.0332031,8.958598814261935,41.821777,46.90803,49.20614,1.0
385921,170729_185629,1185389807.3237305,10.201334324585753,43.82147,39.094944,65.68194,1.0
413267,170809_082821,1186302519.75,12.709502928135949,30.78865,40.074715,31.307121,1.0
424337,170814_103043,1186741861.5336914,16.527146501440612,28.966068,27.809591,40.075542,1.0
432570,170818_022509,1187058327.0837402,10.679790103392339,32.53113,41.297234,33.87965,1.0
447333,170823_131358,1187529256.5163574,11.287954859033546,26.617147,62.826748,16.208044,1.0
462126,190404_142514,1238423132.993164,7.851324463138542,20.43056,22.483957,24.505323,0.5
472097,190408_181802,1238782700.284668,13.853638137458256,18.355392,11.485428,41.86331,1.0
479371,190412_053044,1239082262.1677246,17.064026379587567,17.53789,133.58084,4.581572,1.0
481366,190413_052954,1239168612.4995117,8.531000588814416,40.341534,33.485386,65.56729,1.0
482301,190413_134308,1239198206.7358398,9.564338184491715,54.503036,66.24957,59.203125,1.0
500098,190421_213856,1239917954.2543945,10.194756707511853,44.834133,46.31558,57.3984,1.0
504125,190424_081138,1240128716.762207,7.569516732691857,27.434912,28.367174,35.089993,0.25
504922,190424_180648,1240164426.1411133,9.975001338143414,39.85617,35.66234,59.54399,0.52671385
506500,190425_081805,1240215503.0185547,12.000616389018758,1.4875544,1.7057296,1.7117795,0.5
509019,190426_053949,1240292407.2126465,8.07355357894887,17.718822,20.686354,20.027212,0.4
512961,190427_180650,1240423628.675537,9.014073298483742,8.767833,13.0195,7.8885508,0.53
529299,190503_185404,1240944862.2910156,11.891828353803772,41.821777,46.90803,49.20614,1.0
545909,190509_004120,1241397698.7861328,7.790594305225218,25.37598,30.131218,28.205614,0.37
558432,190512_180714,1241719652.420166,12.361156730755063,18.537653,18.670063,24.373281,1.0
561212,190513_205428,1241816086.7423503,12.397969264523283,28.487339,23.71244,46.15268,1.0
562164,190514_065416,1241852074.847412,8.104672157941573,54.503036,66.24957,59.203125,0.82
566736,190517_055101,1242107479.8339844,10.488741420790793,38.832508,48.38132,41.180195,1.0
572167,190519_153544,1242315362.3842773,12.179855287392446,9.907123,106.84308,2.0424724,1.0
572926,190519_231324,1242342822.0683594,8.205277674224506,6.596117,6.592171,8.743524,0.26
575710,190521_030229,1242442967.4423828,14.631309210575662,103.88458,156.89229,92.04818,1.0
576180,190521_074359,1242459857.4658203,24.235858486707656,40.622017,49.812782,43.748158,1.0
589641,190527_092055,1242984073.7929688,8.673219021224643,34.930088,34.54296,46.822304,0.94
595140,190530_030659,1243220837.9682617,7.843390325673797,29.867844,26.323776,45.3766,0.44
604022,190602_175927,1243533585.0986328,12.483698489586631,61.311172,52.15093,96.9261,1.0
647014,190620_030421,1245035079.3115234,11.255188404199354,49.06959,45.102196,71.17369,0.72537166
670432,190630_135302,1245938000.4853516,7.730160516098716,21.646109,32.647945,19.202679,0.26
670916,190630_185205,1245955943.1782227,15.231394312184916,27.773735,32.697704,31.132599,1.0
673598,190701_203306,1246048404.580241,12.174680111687719,60.32217,64.971504,73.96176,1.0
678224,190704_104834,1246272532.9189453,8.951531004946744,4.548931,5.030348,5.4294915,0.27
683460,190706_222641,1246487219.3273926,12.76970816857359,68.46917,58.99522,106.68345,1.0
684416,190707_071722,1246519060.1010742,8.34234937956373,10.635677,10.65388,14.063826,0.32
684655,190707_093326,1246527224.1708984,12.447504041154064,10.15056,4.1942854,40.161335,1.0
688006,190708_232457,1246663515.3842773,12.716262824464652,15.571671,18.176466,17.603342,0.72942364
709146,190719_215514,1247608532.9206543,8.028034156189502,33.62352,54.06656,28.173262,0.92
709445,190720_000836,1247616534.7053223,10.33526626723112,10.389173,11.517532,12.368719,1.0
724275,190725_174728,1248112066.4645996,9.140248764849675,8.95443,7.4807487,14.447215,0.96
728073,190727_060333,1248242631.9841309,11.416039132180428,32.10124,19.009514,78.51099,1.0
730471,190728_064510,1248331528.5324707,13.039419174959255,10.042918,24.317463,5.9940057,1.0
736788,190731_105943,1248606001.7070312,8.26428632810914,33.409557,39.148388,37.62475,0.29
737116,190731_140936,1248617394.6359863,8.000738150335556,49.06959,45.102196,71.17369,0.92
742072,190803_022701,1248834439.8774414,8.815027856019423,44.326355,56.542446,45.950874,1.0
749401,190805_105432,1249037690.7790527,8.140834959711448,11.2690935,9.370218,18.27938,0.51
756495,190808_230535,1249340753.590088,8.275598503386062,11.847439,13.571996,13.64639,0.41
785122,190821_050019,1250398837.8759766,7.726209990645011,18.482635,26.76373,17.014198,0.31
801811,190828_063405,1251009263.7617188,15.271380837472323,42.82256,48.4337,49.960907,1.0
801849,190828_065509,1251010527.887207,10.402020845181658,16.977358,14.21584,27.32036,1.0
831577,190910_112807,1252150105.3237305,13.485257327268933,45.139793,51.53037,52.176044,0.7713819
844240,190915_235702,1252627040.6955566,12.479980632544494,27.068836,28.496109,33.981106,1.0
846285,190916_200658,1252699636.9013672,7.767527222459227,47.94896,75.54074,40.910206,0.9
864010,190924_021846,1253326744.8425293,12.796655405665469,6.6615467,1.9541444,42.87274,1.0
868236,190925_232845,1253489343.125,9.85012219201868,19.09431,21.131351,22.77268,1.0
868896,190926_050336,1253509434.0734863,7.887888763357802,38.52364,53.209656,37.043217,0.92
877789,190929_012149,1253755327.4970703,9.464617986005125,9.7991295,101.44012,2.0770173,0.99
882614,190930_133541,1253885759.241455,10.065881010215906,9.620714,12.8975525,9.513123,1.0
887710,191102_232120,1256772098.0239258,7.696770283353426,23.602371,32.045834,23.061707,0.22
899795,191105_143521,1256999739.930664,9.778806514163913,9.534223,8.136042,15.017665,1.0
912943,191109_010717,1257296855.2148438,16.12858294056778,61.090622,60.933754,81.14825,1.0
936716,191116_022801,1257906499.4238281,8.29075478055622,8.274942,12.190893,7.498679,0.22
959846,191122_214924,1258494582.9665527,8.455037626371212,68.46917,58.99522,106.68345,0.24
971525,191126_115259,1258804397.6311035,8.912938023790458,11.194994,13.334971,12.404552,1.0
973566,191127_050227,1258866165.552246,8.459685977465412,49.06959,45.102196,71.17369,0.99
981601,191129_134029,1259070047.1845703,10.602237217461804,9.224566,1.9899185,93.04795,1.0
999788,191204_110529,1259492747.5422363,9.239428121387027,26.85169,36.08655,26.489702,0.99
1000841,191204_171526,1259514944.090088,16.25768119633611,10.068883,3.4560401,51.716812,1.0
1015088,191208_080334,1259827432.84375,7.727503736185181,31.520058,26.670147,50.126434,0.23
1034498,191215_223052,1260484270.3337402,10.748015565477429,24.508852,28.843716,27.482573,1.0
1039639,191216_213338,1260567236.4802246,18.391305934474374,9.334099,47.00425,3.2486572,1.0
1064818,191222_033537,1261020955.1223145,11.973086834768385,49.527287,49.43001,65.746254,1.0
1075932,191224_043228,1261197166.1542969,8.54517235261195,12.265662,10.71404,18.821081,0.87
1108837,191230_180458,1261764316.4020996,10.08984914434123,61.311172,52.15093,96.9261,1.0
1150757,200105_162426,1262276684.0581055,13.379005330493714,3.6352623,1.5540586,13.722533,0.5
1156427,200106_134123,1262353301.925293,7.430530092184611,58.25754,51.074226,89.029724,0.69
1184187,200112_155838,1262879936.0908203,18.69837844170237,33.409557,39.148388,37.62475,0.7841108
1196133,200116_082400,1263198258.965088,7.687447538198492,16.156607,20.716068,16.665964,0.21
1214603,200122_161511,1263744929.3408203,8.125004247836626,8.014071,6.5992947,13.144134,0.27
1233376,200128_022011,1264213229.8986816,9.965918951970755,44.834133,46.31558,57.3984,1.0
1234841,200129_065458,1264316116.4191895,16.23455662531221,27.068836,28.496109,33.981106,1.0
1235284,200129_114245,1264333383.1113281,7.927069980219845,52.63301,45.814632,81.07843,0.53
1246921,200202_154313,1264693411.560791,10.957981302522578,8.110918,7.01234,12.589897,1.0
1255213,200205_141704,1264947442.8415527,8.147320090404994,9.323484,10.3039,11.135185,0.23
1267791,200208_130117,1265202095.9547527,10.660632708502934,39.85617,35.66234,59.54399,1.0
1271072,200209_085452,1265273710.1740723,9.290790446967039,44.834133,46.31558,57.3984,0.99
1273595,200210_005122,1265331100.7424316,8.337548611203738,7.8720107,9.48001,8.629119,0.74
1289648,200214_223307,1265754805.0007324,7.4301298859653695,47.506344,46.08652,64.997345,0.72
1298671,200216_220804,1265926102.885254,8.658631248972348,58.25754,51.074226,89.029724,0.78
1305583,200219_094415,1266140673.197998,9.908625699098161,41.821777,46.90803,49.20614,1.0
1308574,200220_124850,1266238148.1513672,8.128036695023097,49.527287,49.43001,65.746254,0.43
1319356,200224_222234,1266618172.4040527,18.07672982048705,40.622017,49.812782,43.748158,1.0
1320274,200225_060421,1266645879.3981934,12.375396543555576,15.819997,19.636055,16.837717,1.0
1333874,200301_211019,1267132237.6611328,8.106208035478259,20.55292,31.79206,17.824278,0.43
1334713,200302_015811,1267149509.5180664,10.613620531776315,34.38924,38.57173,40.461086,0.65820354
1344624,200304_182240,1267381378.6191406,7.418832999523174,30.701351,44.259243,28.377724,0.28
1347389,200305_084739,1267433277.0773926,7.672048768464698,44.834133,46.31558,57.3984,0.59
1351166,200306_093714,1267522652.125,8.090484049995405,24.403797,32.201096,24.494904,0.51
1372742,200310_090144,1267866122.7636719,8.110938215419477,7.3073297,11.904922,6.052779,0.43
1376092,200311_115853,1267963151.3898113,16.934057076727107,35.22697,38.491394,42.561615,1.0
1395842,200316_215756,1268431094.1577148,9.5687280511305,10.601234,10.189731,14.64899,1.0
1402530,200318_191337,1268594035.1411133,7.920095151779261,61.311172,52.15093,96.9261,0.97
